Front,Back,Category,Difficulty
Where is Clear Water from?,"Port Aransas, TX (oyster)",menu,easy
Where is Key Allegro from?,"Aransas Bay, TX (oyster)",menu,easy
Where is Blackjack Point from?,"Aransas Bay, TX (oyster)",menu,easy
Where is Big Tree from?,"Rockport, TX (oyster)",menu,easy
Where is Three Sisters from?,"Port Lavaca, TX (oyster)",menu,easy
Where is Oyster Bros from?,"Palacios, TX (oyster)",menu,easy
Where is Barnstable from?,"Cape Cod, MA (oyster)",menu,easy
Where is Great White from?,"Cape Cod, MA (oyster)",menu,easy
Where is Beausoleil from?,New Brunswick (oyster),menu,easy
Where is Sex on the Bay from?,New Brunswick (oyster),menu,easy
Where is Cupid's Choice from?,Prince Edward Island (oyster),menu,easy
Where is Savage Blonde from?,Prince Edward Island (oyster),menu,easy
Where is Momma Mia from?,Prince Edward Island (oyster),menu,easy
Where is Pink Moon from?,Prince Edward Island (oyster),menu,easy
Happy hour time?,Daily 3-6 PM: 1/2 price oysters on the half shell | 1/2 price sushi rolls | 1/2 price white wine | $7 house martinis | $5 draught beer,menu,easy
Eggs Benedict,"$16 — brunch | 2 english muffins, poached eggs, canadian bacon, homemade hollandaise",menu,medium
Eggs Orleans,"$20 — brunch | 2 english muffins, lump blue crab cakes, poached eggs, homemade hollandaise",menu,medium
Eggs Sardou,"$17 — brunch | 2 english muffins, bacon, spinach, artichoke hearts, poached eggs, hollandaise",menu,medium
Eggs Sonesta,"$21 — brunch | 2 english muffins, fried fish of the day, poached eggs, hollandaise",menu,medium
Pain Perdu,"$16 — brunch | house made sourdough french toast, canadian bacon, maple syrup",menu,medium
Ham & Cheese Omelet,"$17 — brunch | three-egg omelet, sautéed ham and cheese",menu,medium
Bloody Mary,"$12 — brunch_cocktails | vodka, house made bloody mary mix",menu,easy
Salty Dog,"$11 — brunch_cocktails | ruby red vodka, grapefruit bitters, pink himalayan salt, grapefruit",menu,easy
Pear Martini,"$12 — brunch_cocktails | vodka, amaretto, cherry",menu,easy
Cucumber Martini,"$12 — brunch_cocktails | vodka, cucumber, lime",menu,easy
Hugo Spritz,"$14 — brunch_cocktails | st germain, prosecco, mint",menu,easy
Aperol Spritz,"$13 — brunch_cocktails | orange liqueur, prosecco, soda",menu,easy
French 75,"$14 — brunch_cocktails | cognac, champagne, lemon",menu,easy
Mimosa Flight,$22 — brunch_cocktails | house specialty,menu,medium
Avocado Roll,"$8 — sushi | avocado, cream cheese, cucumber",menu,easy
Tempura Shrimp Roll,"$9 — sushi | tempura shrimp, cucumber, avocado, crunchies",menu,easy
Spicy Tuna Roll,"$10 — sushi | spicy tuna mix, cucumber, spicy mayo",menu,easy
Tuna Roll,"$12 — sushi | yellowfin tuna, toasted sesame seeds, futomaki style",menu,easy
Spicy Salmon Roll,"$12 — sushi | salmon, cucumber, shichimi togarashi, spicy mayo, sriracha",menu,easy
Padre Island Roll,"$13 — sushi | shrimp, mango, cucumber, roasted red bell pepper, toasted coconut, cilantro",menu,easy
Lucky Roll,"$14 — sushi | shrimp, salmon, avocado, cilantro, jalapeño, spicy mayo, eel sauce",menu,easy
Spider Roll,"$15 — sushi | soft shell crab, carrot, green leaf, cucumber, avocado, eel sauce",menu,medium
Tidal Wave Roll,"$16 — sushi | shrimp, salmon, escolar, cream cheese, mango, topped avocado, spicy mayo, crunchies",menu,medium
Rainbow Roll,"$17 — sushi | california roll topped with tuna, hamachi, avocado",menu,medium
Dragon Roll,"$17 — sushi | california roll, cream cheese, eel, avocado, eel sauce",menu,medium
Red Dragon Roll,"$18 — sushi | spicy tuna mix, cucumber, jalapeño, yellowfin tuna, avocado",menu,medium
Black Pearl Roll,"$22 — sushi | blackened tuna, carrots, cucumber, avocado, topped with tempura fried oysters, spicy mayo, green onion",menu,medium
Raw Gulf Oysters (half dozen),$18 — oysters_raw,menu,medium
Raw Gulf Oysters (dozen),$36 — oysters_raw,menu,hard
Oysters Rockefeller,"$23 — oysters_prepared | sauteed greens, bacon, bubbly parmesan cheese",menu,medium
Wood Fired Oysters,"$20 — oysters_prepared | smoky paprika butter, fried saltines",menu,medium
Broiled Oysters Bleu,"$22 — oysters_prepared | green onion vinaigrette, bleu cheese crumbles",menu,medium
Smoked Fish Dip,"$18 — for_the_table | smoked trout, pickles, toast points, crackers",menu,medium
U-Peel Em Shrimp 1/4 lb,"$12 — for_the_table | jumbo gulf browns, house seasonings, red sauce",menu,easy
U-Peel Em Shrimp 1/2 lb,"$21 — for_the_table | jumbo gulf browns, house seasonings, red sauce",menu,medium
Classic Shrimp Cocktail,"$18 — for_the_table | gulf boiled shrimp, red sauce, horseradish",menu,medium
Shrimp Campechana,"$12 — for_the_table | olives, cilantro, avocado, red sauce, fried saltines",menu,easy
Waterstreet Tower,$85 — for_the_table | a little bit of everything,menu,hard
Shrimp Picayune,"$18 — appetizers | gulf shrimp, sweet & spicy butter",menu,medium
Blue Crab Mushrooms,"$18 — appetizers | picayune, lemon",menu,medium
Spinach Artichoke Dip,$13 — appetizers | served warm with tortilla chips,menu,easy
Shrimp Enbrochette,"$28 — appetizers | oyster, bacon, tartar",menu,medium
Creole Hushpuppies,"$9 — appetizers | cornmeal, buttermilk, green onion",menu,easy
Fried Crawfish Tails,"$13 — appetizers | beer-battered, remoulade",menu,easy
Crispy Calamari,"$16 — appetizers | fried peppers, veggies, lemon, remoulade",menu,medium
Crab Cakes,"$27 — appetizers | saltine-crusted, remoulade",menu,medium
Pecan Crusted Oysters,"$16 — appetizers | panko breadcrumbs, tartar sauce",menu,medium
Southern Fried Okra,"$11 — appetizers | cornmeal-dusted, remoulade",menu,easy
Starter Salads,"$6 — soups_salads | wedge, spring, or caesar",menu,easy
Caldo Xochitl,"$9 — soups_salads | chicken breast, lime, avocado, homemade broth",menu,easy
Seafood Gumbo,"$10 — soups_salads | shrimp, fish, oysters, okra",menu,easy
Barbecue Salmon Salad,"$19 — soups_salads | corn, black beans, tortilla strips, honey chipotle vinaigrette",menu,medium
Deluxe Water St. Wedge,"$16 — soups_salads | grilled chicken, tomato, bacon, bleu cheese",menu,medium
Gulf Shrimp Salad,"$18 — soups_salads | boiled gulf shrimp, lemon mustard dressing",menu,medium
Grilled Chicken Caesar,"$16 — soups_salads | chopped romaine, homemade caesar",menu,medium
Fried Seafood Platter,$21 — mains | 1/2 pound fried gulf shrimp or cornmeal oysters and shrimp,menu,medium
Bacon Wrapped Stuffed Shrimp,"$25 — mains | gulf shrimp, jalapeño-cheese, hot honey drizzle, rice pilaf",menu,medium
Mesquite Grilled Sampler,"$35 — mains | 5oz catch of the day, shrimp harpoon, crab cake, remoulade",menu,hard
Seafood Pasta Jambalaya,"$28 — mains | shrimp, chicken, sausage, crawfish, andouille cream",menu,medium
Blackened Snapper Veracruz,"$48 — mains | olive, tomato, onion, jalapeño, caper",menu,hard
Salmon Rockefeller,"$32 — mains | sautéed spinach, bacon, parmesan, garlic cream",menu,hard
Pecan Crusted Drum,$37 — mains | lemon caper beurre blanc,menu,hard
Blackened Stuffed Redfish,"$45 — mains | crab, crawfish nueces",menu,hard
Chicken Rockefeller,"$24 — mains | sautéed spinach, bacon, parmesan, garlic cream, rice pilaf",menu,medium
Blackened Chicken Alfredo,"$20 — mains | creole spices, tomato, green onion",menu,medium
Crawfish Stuffed Chicken,"$26 — mains | shrimp, pepper, onion, pepperjack, andouille cream, rice pilaf",menu,medium
Surf and Turf,"$61 — mains | 12 oz ribeye, bacon wrapped shrimp skewer, loaded baked potato",menu,hard
Bacon Cheeseburger,"$16 — sandwiches | cheddar, applewood bacon, central kitchen bun",menu,medium
Water St. Po Boy,"$19 — sandwiches | fried gulf shrimp or oysters, creole tartar",menu,medium
Wood-Fired Chicken Sandwich,"$19 — sandwiches | smoked bacon, avocado, honey mustard, pepperjack, central kitchen bun",menu,medium
Crab Cake Burger,"$23 — sandwiches | saltine-crusted crab cake, avocado, remoulade, central kitchen bun",menu,medium
Shells & Cheese,$8 — a_la_carte,menu,easy
Seasoned French Fries,$6 — a_la_carte,menu,easy
Sweet Potato Fries,$7 — a_la_carte,menu,easy
Loaded Baked Potato,$6 — a_la_carte,menu,easy
Seasonal Veggies,$6 — a_la_carte,menu,easy
Fried Shrimp,$3 — a_la_carte,menu,easy
Brownie a la Mode,"$9 — desserts | served warm, topped with vanilla ice cream",menu,easy
Key Lime Pie,"$11 — desserts | graham cracker crust, raspberry sauce",menu,easy
New York Cheesecake,$12 — desserts | add strawberry +1,menu,easy
Seasonal Cheesecake,$12 — desserts | ask about seasonal flavors,menu,easy
Salty Dog,"$11 — cocktails | ruby red vodka, grapefruit bitters, pink himalayan salt, grapefruit",menu,easy
Elevated Margarita,"$13 — cocktails | anejo tequila, orange liqueur, presidente",menu,easy
Bloody Mary,"$12 — cocktails | vodka, house made bloody mary mix",menu,easy
Old Fashioned,"$15 — cocktails | reserve bourbon, orange bitters",menu,medium
Water St. Wave,"$13 — cocktails | rum, blue curacao, pineapple",menu,easy
Espresso Martini,"$14 — cocktails | vodka, kahlua, cold brew",menu,easy
Pear Martini,"$12 — cocktails | vodka, amaretto, sweet and sour",menu,easy
Frozen Margarita,"$9 — cocktails | reposado, lime, add strawberry +2",menu,easy
Pina Colada,"$12 — cocktails | rum, pineapple, coconut, ice cream",menu,easy
Nueces Lager,$8 — beer_draught,menu,easy
Nueces Hefeweizen,$8 — beer_draught,menu,easy
Nueces Supremo,$8 — beer_draught,menu,easy
Rebel Toad IPA,$6 — beer_draught,menu,easy
Rebel Toad Bionic Blonde,$6 — beer_draught,menu,easy
Dos Equis Lager,$7 — beer_draught,menu,easy
Modelo Especial,$7 — beer_draught,menu,easy
St. Arnold Art Car,$8 — beer_draught,menu,easy
Shiner Bock,$7 — beer_draught,menu,easy
Michelob Ultra,$7 — beer_draught,menu,easy
Miller Lite Pilsner,$6 — beer_draught,menu,easy
Dos Equis,$6 — beer_bottle,menu,easy
Michelob Gold,$6 — beer_bottle,menu,easy
Coors Light,$5 — beer_bottle,menu,easy
Bud Light,$5 — beer_bottle,menu,easy
Budweiser,$5 — beer_bottle,menu,easy
Heineken,$7 — beer_bottle,menu,easy
Lonestar,$5 — beer_bottle,menu,easy
Corona Extra,$6 — beer_bottle,menu,easy
Corona Premier,$7 — beer_bottle,menu,easy
Stella Artois,$8 — beer_bottle,menu,easy
Heineken N.A.,$6 — beer_bottle,menu,easy
